date,open,high,low,close,news
2023-01-01,150,155,148,152,Company A reports strong earnings growth
2023-01-02,152,158,150,156,Global market faces economic slowdown concerns
2023-01-03,156,160,154,159,New product launch boosts Company B shares
2023-01-04,160,164,158,162,Investors worry about rising inflation rates
2023-01-05,162,166,160,165,Tech giant acquires startup in billion-dollar deal
2023-01-06,165,170,163,168,Healthcare sector sees major breakthrough
2023-01-07,168,172,166,171,Government announces new economic reforms
2023-01-08,170,174,168,173,Oil prices surge amid supply concerns
2023-01-09,172,176,170,175,Strong investor confidence drives markets higher
2023-01-10,175,180,173,178,Company C faces lawsuits over data privacy issues
